id,n,k,uplo,trans,diag,incx,csv_ms,a100_us
ctbmv-base-000,512,8,UPPER,N,NON_UNIT,1,0.007996,13.434
ctbmv-base-001,1024,16,UPPER,N,NON_UNIT,1,0.013209,16.200
ctbmv-base-002,2048,32,LOWER,T,NON_UNIT,1,0.015817,19.688
ctbmv-base-003,4096,64,LOWER,C,UNIT,1,0.022003,27.727
ctbmv-perf-004,1,0,UPPER,N,NON_UNIT,1,0.003172,5.117
ctbmv-perf-005,2,1,UPPER,N,NON_UNIT,1,0.003324,5.102
ctbmv-perf-006,4,3,UPPER,N,NON_UNIT,1,0.003365,5.068
ctbmv-perf-007,8,4,UPPER,N,NON_UNIT,1,0.003629,5.089
ctbmv-perf-008,16,4,UPPER,N,NON_UNIT,1,0.003642,5.191
ctbmv-perf-009,32,4,UPPER,N,NON_UNIT,1,0.003686,5.063
ctbmv-perf-010,64,4,UPPER,N,NON_UNIT,1,0.003675,5.046
ctbmv-perf-011,128,4,UPPER,N,NON_UNIT,1,0.003759,5.086
ctbmv-perf-012,256,4,UPPER,N,NON_UNIT,1,0.003835,5.041
ctbmv-perf-013,512,4,UPPER,N,NON_UNIT,1,0.007262,13.670
ctbmv-perf-014,1000,9,UPPER,N,NON_UNIT,1,0.010088,13.657
ctbmv-perf-015,1037,10,LOWER,T,UNIT,1,0.010947,13.737
ctbmv-perf-016,1075,10,UPPER,C,NON_UNIT,1,0.010981,14.068
ctbmv-perf-017,1115,10,LOWER,N,UNIT,1,0.011546,14.994
ctbmv-perf-018,1156,10,UPPER,T,NON_UNIT,1,0.011486,14.565
ctbmv-perf-019,1198,10,LOWER,C,UNIT,1,0.010852,13.747
ctbmv-perf-020,1242,10,UPPER,N,NON_UNIT,1,0.011902,14.621
ctbmv-perf-021,1288,10,LOWER,T,UNIT,1,0.011114,14.074
ctbmv-perf-022,1335,10,UPPER,C,NON_UNIT,1,0.011258,14.265
ctbmv-perf-023,1385,10,LOWER,N,UNIT,1,0.011955,15.113
ctbmv-perf-024,1436,10,UPPER,T,NON_UNIT,1,0.011746,14.785
ctbmv-perf-025,1488,10,LOWER,C,UNIT,1,0.011095,14.032
ctbmv-perf-026,1543,10,UPPER,N,NON_UNIT,1,0.012124,15.147
ctbmv-perf-027,1600,10,LOWER,T,UNIT,1,0.011718,14.555
ctbmv-perf-028,1659,10,UPPER,C,NON_UNIT,1,0.011991,15.043
ctbmv-perf-029,1720,10,LOWER,N,UNIT,1,0.012904,16.105
ctbmv-perf-030,1783,10,UPPER,T,NON_UNIT,1,0.012497,15.627
ctbmv-perf-031,1849,10,LOWER,C,UNIT,1,0.011881,14.912
ctbmv-perf-032,1917,10,UPPER,N,NON_UNIT,1,0.012661,15.870
ctbmv-perf-033,1988,10,LOWER,T,UNIT,1,0.012176,15.217
ctbmv-perf-034,2061,11,UPPER,C,NON_UNIT,1,0.012472,15.719
ctbmv-perf-035,2137,11,LOWER,N,UNIT,1,0.013180,16.578
ctbmv-perf-036,2215,11,UPPER,T,NON_UNIT,1,0.013081,16.332
ctbmv-perf-037,2297,11,LOWER,C,UNIT,1,0.012594,16.104
ctbmv-perf-038,2381,11,UPPER,N,NON_UNIT,1,0.013165,16.989
ctbmv-perf-039,2469,11,LOWER,T,UNIT,1,0.013059,16.510
ctbmv-perf-040,2560,11,UPPER,C,NON_UNIT,1,0.012831,16.123
ctbmv-perf-041,2654,11,LOWER,N,UNIT,1,0.013950,17.465
ctbmv-perf-042,2752,11,UPPER,T,NON_UNIT,1,0.013836,17.195
ctbmv-perf-043,2853,11,LOWER,C,UNIT,1,0.013477,17.020
ctbmv-perf-044,2958,11,UPPER,N,NON_UNIT,1,0.013901,17.673
ctbmv-perf-045,3067,11,LOWER,T,UNIT,1,0.013831,17.509
ctbmv-perf-046,3180,11,UPPER,C,NON_UNIT,1,0.014094,17.585
ctbmv-perf-047,3297,11,LOWER,N,UNIT,1,0.014840,18.832
ctbmv-perf-048,3419,11,UPPER,T,NON_UNIT,1,0.014648,18.481
ctbmv-perf-049,3544,11,LOWER,C,UNIT,1,0.014354,18.335
ctbmv-perf-050,3675,11,UPPER,N,NON_UNIT,1,0.015106,19.384
ctbmv-perf-051,3810,11,LOWER,T,UNIT,1,0.015295,19.047
ctbmv-perf-052,3951,11,UPPER,C,NON_UNIT,1,0.015226,19.050
ctbmv-perf-053,4096,12,LOWER,N,UNIT,1,0.016668,21.130
ctbmv-perf-054,1024,1,LOWER,N,NON_UNIT,1,0.007622,9.314
ctbmv-perf-055,1024,8,LOWER,N,NON_UNIT,1,0.009799,11.983
ctbmv-perf-056,1024,32,LOWER,N,NON_UNIT,1,0.013607,17.141
ctbmv-perf-057,1024,128,LOWER,N,NON_UNIT,1,0.018384,20.569
ctbmv-perf-058,1024,512,LOWER,N,NON_UNIT,1,0.033158,37.976
ctbmv-perf-059,4096,1,LOWER,N,NON_UNIT,1,0.012387,13.988
ctbmv-perf-060,4096,8,LOWER,N,NON_UNIT,1,0.014817,16.727
ctbmv-perf-061,4096,32,LOWER,N,NON_UNIT,1,0.018948,21.503
ctbmv-perf-062,4096,128,LOWER,N,NON_UNIT,1,0.023714,26.879
ctbmv-perf-063,4096,512,LOWER,N,NON_UNIT,1,0.038150,43.781
ctbmv-perf-064,2048,16,UPPER,N,NON_UNIT,1,0.015167,16.807
ctbmv-perf-065,2048,16,UPPER,N,UNIT,1,0.016681,21.325
ctbmv-perf-066,2048,16,UPPER,T,NON_UNIT,1,0.014448,15.893
ctbmv-perf-067,2048,16,UPPER,T,UNIT,1,0.014440,15.735
ctbmv-perf-068,2048,16,UPPER,C,NON_UNIT,1,0.014145,15.920
ctbmv-perf-069,2048,16,UPPER,C,UNIT,1,0.014158,15.773
ctbmv-perf-070,2048,16,LOWER,N,NON_UNIT,1,0.014774,16.774
ctbmv-perf-071,2048,16,LOWER,N,UNIT,1,0.016211,18.134
ctbmv-perf-072,2048,16,LOWER,T,NON_UNIT,1,0.014433,16.007
ctbmv-perf-073,2048,16,LOWER,T,UNIT,1,0.014428,15.997
ctbmv-perf-074,2048,16,LOWER,C,NON_UNIT,1,0.014182,15.931
ctbmv-perf-075,2048,16,LOWER,C,UNIT,1,0.014171,15.927
ctbmv-perf-076,237,156,LOWER,C,NON_UNIT,1,0.013904,16.084
ctbmv-perf-077,958,501,LOWER,C,NON_UNIT,1,0.041076,46.481
ctbmv-perf-078,754,490,LOWER,T,UNIT,1,0.040023,45.735
ctbmv-perf-079,1701,219,LOWER,N,UNIT,1,0.029292,32.175
ctbmv-perf-080,580,262,UPPER,C,UNIT,1,0.024607,29.436
ctbmv-perf-081,429,398,UPPER,T,UNIT,1,0.042443,48.693
ctbmv-perf-082,1292,165,UPPER,T,NON_UNIT,1,0.023925,26.502
ctbmv-perf-083,204,109,UPPER,C,NON_UNIT,1,0.009925,11.387
ctbmv-perf-084,1366,206,LOWER,T,UNIT,1,0.024234,27.626
ctbmv-perf-085,3023,199,UPPER,N,UNIT,1,0.035527,88.180
ctbmv-perf-086,1800,196,UPPER,N,NON_UNIT,1,0.024136,28.036
ctbmv-perf-087,2263,83,UPPER,C,NON_UNIT,1,0.021413,24.674
ctbmv-perf-088,3869,31,LOWER,C,NON_UNIT,1,0.019128,21.976
ctbmv-perf-089,235,199,LOWER,N,UNIT,1,0.016074,18.439
ctbmv-perf-090,2484,27,UPPER,N,NON_UNIT,1,0.015334,17.584
ctbmv-perf-091,1299,434,UPPER,N,NON_UNIT,1,0.034568,39.784
ctbmv-perf-092,821,140,LOWER,T,UNIT,1,0.020617,22.874
ctbmv-perf-093,1591,46,UPPER,N,NON_UNIT,1,0.016028,18.141
ctbmv-perf-094,548,184,LOWER,C,NON_UNIT,1,0.022136,25.113
ctbmv-perf-095,1178,464,UPPER,T,UNIT,1,0.059243,67.074
ctbmv-perf-096,3554,185,UPPER,N,UNIT,1,0.033798,85.527
ctbmv-perf-097,2364,197,LOWER,T,UNIT,1,0.027187,31.162
ctbmv-perf-098,2015,199,UPPER,T,UNIT,1,0.028504,32.089
ctbmv-perf-099,690,358,LOWER,N,UNIT,1,0.034127,36.174
ctbmv-perf-100,1223,475,UPPER,C,UNIT,1,0.041577,49.826
ctbmv-perf-101,3247,173,LOWER,N,NON_UNIT,1,0.024451,27.388
ctbmv-perf-102,1422,113,UPPER,N,NON_UNIT,1,0.018558,21.529
ctbmv-perf-103,2519,360,LOWER,T,NON_UNIT,1,0.041350,46.635
ctbmv-perf-104,4064,101,LOWER,T,UNIT,1,0.023708,27.022
ctbmv-perf-105,3502,160,UPPER,T,NON_UNIT,1,0.031971,35.217
ctbmv-perf-106,2678,79,LOWER,N,UNIT,1,0.023396,26.240
ctbmv-perf-107,2990,6,UPPER,N,NON_UNIT,1,0.012616,14.631
ctbmv-perf-108,3709,156,LOWER,T,UNIT,1,0.026462,30.249
ctbmv-perf-109,3797,75,LOWER,N,UNIT,1,0.023425,25.710
ctbmv-perf-110,1469,40,UPPER,N,UNIT,1,0.017476,28.852
ctbmv-perf-111,1722,85,UPPER,C,UNIT,1,0.020064,24.276
ctbmv-perf-112,3490,506,LOWER,N,NON_UNIT,1,0.040829,46.856
ctbmv-perf-113,1188,142,LOWER,C,NON_UNIT,1,0.023714,26.867
ctbmv-perf-114,3370,119,UPPER,T,NON_UNIT,1,0.025499,28.032
ctbmv-perf-115,1249,214,LOWER,T,NON_UNIT,1,0.025936,29.429
ctbmv-perf-116,1983,490,LOWER,C,UNIT,1,0.043101,48.440
ctbmv-perf-117,988,494,LOWER,N,UNIT,1,0.041432,44.207
ctbmv-perf-118,3188,417,LOWER,C,UNIT,1,0.042072,47.166
ctbmv-perf-119,103,43,UPPER,N,NON_UNIT,1,0.006872,10.503
ctbmv-perf-120,2749,288,LOWER,N,UNIT,1,0.036429,38.423
ctbmv-perf-121,3619,140,LOWER,C,UNIT,1,0.027080,30.418
ctbmv-perf-122,2053,273,LOWER,N,NON_UNIT,1,0.030968,35.453
ctbmv-perf-123,33,9,LOWER,T,NON_UNIT,1,0.004127,4.628
ctbmv-perf-124,2669,123,UPPER,C,UNIT,1,0.024636,28.724
ctbmv-perf-125,2676,160,UPPER,T,UNIT,1,0.030748,33.840
ctbmv-perf-126,2754,483,UPPER,T,NON_UNIT,1,0.047544,54.515
ctbmv-perf-127,4050,209,UPPER,N,UNIT,1,0.036590,92.299
ctbmv-perf-128,3638,371,LOWER,C,UNIT,1,0.041127,44.950
ctbmv-perf-129,3536,339,LOWER,N,NON_UNIT,1,0.035515,40.562
ctbmv-perf-130,1493,455,LOWER,C,NON_UNIT,1,0.047144,57.696
ctbmv-perf-131,3412,399,UPPER,C,NON_UNIT,1,0.054936,71.709
ctbmv-perf-132,54,47,LOWER,C,NON_UNIT,1,0.005644,7.080
ctbmv-perf-133,1126,380,LOWER,N,NON_UNIT,1,0.031719,40.769
ctbmv-perf-134,2628,52,UPPER,T,UNIT,1,0.018628,23.445
ctbmv-perf-135,3661,367,UPPER,T,NON_UNIT,1,0.051712,65.927
ctbmv-perf-136,1243,211,UPPER,N,UNIT,1,0.032930,95.168
ctbmv-perf-137,1935,449,LOWER,N,NON_UNIT,1,0.035805,45.775
ctbmv-perf-138,62,16,UPPER,N,NON_UNIT,1,0.005630,8.533
ctbmv-perf-139,2213,41,LOWER,C,UNIT,1,0.017113,22.005
ctbmv-perf-140,603,206,UPPER,N,UNIT,1,0.027210,75.126
ctbmv-perf-141,3890,242,UPPER,N,NON_UNIT,1,0.030353,38.977
ctbmv-perf-142,2856,86,LOWER,C,UNIT,1,0.022047,28.283
ctbmv-perf-143,3922,125,LOWER,T,NON_UNIT,1,0.024546,30.985
ctbmv-perf-144,1891,191,UPPER,N,UNIT,1,0.034663,89.555
ctbmv-perf-145,1902,246,LOWER,N,NON_UNIT,1,0.026697,34.040
ctbmv-perf-146,3769,474,LOWER,N,UNIT,1,0.047245,57.215
ctbmv-perf-147,430,117,UPPER,T,NON_UNIT,1,0.019862,25.645
ctbmv-perf-148,3316,183,UPPER,T,UNIT,1,0.029657,36.858
ctbmv-perf-149,2461,73,UPPER,T,NON_UNIT,1,0.020073,25.558
ctbmv-perf-150,3042,134,UPPER,T,UNIT,1,0.025714,31.384
ctbmv-perf-151,3348,296,LOWER,C,UNIT,1,0.039114,48.639
ctbmv-perf-152,2954,7,UPPER,T,UNIT,1,0.012627,15.794
ctbmv-perf-153,2496,198,LOWER,T,NON_UNIT,1,0.026768,34.091
ctbmv-perf-154,749,479,LOWER,C,NON_UNIT,1,0.047664,61.680
ctbmv-perf-155,3182,215,LOWER,C,NON_UNIT,1,0.033277,41.338
ctbmv-perf-156,3377,434,UPPER,C,NON_UNIT,1,0.044174,61.572
ctbmv-perf-157,2250,182,UPPER,T,NON_UNIT,1,0.027979,34.614
ctbmv-perf-158,2628,260,LOWER,N,NON_UNIT,1,0.027849,35.477
ctbmv-perf-159,3794,479,LOWER,C,NON_UNIT,1,0.064041,82.529
ctbmv-perf-160,3334,333,UPPER,C,NON_UNIT,1,0.036805,50.253
ctbmv-perf-161,2517,309,LOWER,N,UNIT,1,0.036515,44.089
ctbmv-perf-162,2715,79,UPPER,C,UNIT,1,0.023240,29.608
ctbmv-perf-163,3182,451,UPPER,N,NON_UNIT,1,0.041930,54.214
ctbmv-perf-164,3299,417,UPPER,N,NON_UNIT,1,0.037822,48.958
ctbmv-perf-165,2538,382,UPPER,N,NON_UNIT,1,0.035660,45.859
ctbmv-perf-166,4089,402,LOWER,C,UNIT,1,0.043396,54.482
ctbmv-perf-167,635,459,LOWER,C,UNIT,1,0.036369,46.900
ctbmv-perf-168,24,13,LOWER,C,NON_UNIT,1,0.004109,5.226
ctbmv-perf-169,2538,404,UPPER,C,NON_UNIT,1,0.042773,55.221
ctbmv-perf-170,1438,99,LOWER,N,NON_UNIT,1,0.017901,23.156
ctbmv-perf-171,4014,189,LOWER,C,NON_UNIT,1,0.030744,39.824
ctbmv-perf-172,3427,466,LOWER,T,UNIT,1,0.044533,56.508
ctbmv-perf-173,3143,364,UPPER,T,UNIT,1,0.041810,52.684
ctbmv-perf-174,1752,442,LOWER,T,NON_UNIT,1,0.039622,51.000
ctbmv-perf-175,1156,28,UPPER,C,NON_UNIT,1,0.014283,18.715
ctbmv-perf-176,1402,317,UPPER,C,UNIT,1,0.033626,45.817
ctbmv-perf-177,1381,362,UPPER,T,UNIT,1,0.036119,46.101
ctbmv-perf-178,383,193,UPPER,T,NON_UNIT,1,0.025764,33.181
ctbmv-perf-179,3726,61,LOWER,N,UNIT,1,0.022042,27.368
ctbmv-perf-180,1362,301,UPPER,C,UNIT,1,0.031286,43.102
ctbmv-perf-181,113,40,LOWER,C,NON_UNIT,1,0.005850,7.504
ctbmv-perf-182,171,124,UPPER,T,NON_UNIT,1,0.010019,12.969
ctbmv-perf-183,1132,377,LOWER,N,UNIT,1,0.036667,45.049
ctbmv-perf-184,1893,323,UPPER,T,NON_UNIT,1,0.034928,44.053
ctbmv-perf-185,1587,313,LOWER,N,UNIT,1,0.034147,41.570
ctbmv-perf-186,1174,13,LOWER,T,UNIT,1,0.012043,15.473
ctbmv-perf-187,210,89,LOWER,N,UNIT,1,0.009024,11.610
ctbmv-perf-188,186,177,UPPER,N,UNIT,1,0.013183,14.072
ctbmv-perf-189,3948,19,LOWER,T,NON_UNIT,1,0.017616,22.311
ctbmv-perf-190,1509,500,LOWER,T,NON_UNIT,1,0.044936,57.351
ctbmv-perf-191,3007,29,UPPER,C,UNIT,1,0.016800,21.404
ctbmv-perf-192,517,115,LOWER,C,UNIT,1,0.014086,17.603
ctbmv-perf-193,3681,152,LOWER,N,NON_UNIT,1,0.024438,31.113
ctbmv-perf-194,1453,315,LOWER,N,NON_UNIT,1,0.032717,41.514
ctbmv-perf-195,3500,76,LOWER,C,NON_UNIT,1,0.021630,27.662
ctbmv-perf-196,3586,88,LOWER,N,NON_UNIT,1,0.021655,27.083
ctbmv-perf-197,3454,112,LOWER,T,UNIT,1,0.025006,31.714
ctbmv-perf-198,436,280,LOWER,T,NON_UNIT,1,0.037245,48.018
ctbmv-perf-199,3334,91,LOWER,N,UNIT,1,0.024653,30.274
