id,n,k,uplo,trans,diag,incx,a100_us,npu_us
ctbmv-base-000,512,8,UPPER,N,NON_UNIT,1,13.434,61.469
ctbmv-base-001,1024,16,UPPER,N,NON_UNIT,1,16.200,69.282
ctbmv-base-002,2048,32,LOWER,T,NON_UNIT,1,19.688,98.982
ctbmv-base-003,4096,64,LOWER,C,UNIT,1,27.727,211.888
ctbmv-perf-004,1,0,UPPER,N,NON_UNIT,1,5.117,22.995
ctbmv-perf-005,2,1,UPPER,N,NON_UNIT,1,5.102,46.876
ctbmv-perf-006,4,3,UPPER,N,NON_UNIT,1,5.068,48.384
ctbmv-perf-007,8,4,UPPER,N,NON_UNIT,1,5.089,48.902
ctbmv-perf-008,16,4,UPPER,N,NON_UNIT,1,5.191,49.839
ctbmv-perf-009,32,4,UPPER,N,NON_UNIT,1,5.063,50.453
ctbmv-perf-010,64,4,UPPER,N,NON_UNIT,1,5.046,50.739
ctbmv-perf-011,128,4,UPPER,N,NON_UNIT,1,5.086,52.866
ctbmv-perf-012,256,4,UPPER,N,NON_UNIT,1,5.041,55.499
ctbmv-perf-013,512,4,UPPER,N,NON_UNIT,1,13.670,59.348
ctbmv-perf-014,1000,9,UPPER,N,NON_UNIT,1,13.657,67.250
ctbmv-perf-015,1037,10,LOWER,T,UNIT,1,13.737,80.576
ctbmv-perf-016,1075,10,UPPER,C,NON_UNIT,1,14.068,82.192
ctbmv-perf-017,1115,10,LOWER,N,UNIT,1,14.994,81.865
ctbmv-perf-018,1156,10,UPPER,T,NON_UNIT,1,14.565,83.099
ctbmv-perf-019,1198,10,LOWER,C,UNIT,1,13.747,82.792
ctbmv-perf-020,1242,10,UPPER,N,NON_UNIT,1,14.621,84.116
ctbmv-perf-021,1288,10,LOWER,T,UNIT,1,14.074,83.240
ctbmv-perf-022,1335,10,UPPER,C,NON_UNIT,1,14.265,85.456
ctbmv-perf-023,1385,10,LOWER,N,UNIT,1,15.113,84.333
ctbmv-perf-024,1436,10,UPPER,T,NON_UNIT,1,14.785,86.080
ctbmv-perf-025,1488,10,LOWER,C,UNIT,1,14.032,85.414
ctbmv-perf-026,1543,10,UPPER,N,NON_UNIT,1,15.147,87.751
ctbmv-perf-027,1600,10,LOWER,T,UNIT,1,14.555,86.463
ctbmv-perf-028,1659,10,UPPER,C,NON_UNIT,1,15.043,88.853
ctbmv-perf-029,1720,10,LOWER,N,UNIT,1,16.105,87.907
ctbmv-perf-030,1783,10,UPPER,T,NON_UNIT,1,15.627,90.135
ctbmv-perf-031,1849,10,LOWER,C,UNIT,1,14.912,89.701
ctbmv-perf-032,1917,10,UPPER,N,NON_UNIT,1,15.870,91.653
ctbmv-perf-033,1988,10,LOWER,T,UNIT,1,15.217,90.964
ctbmv-perf-034,2061,11,UPPER,C,NON_UNIT,1,15.719,107.776
ctbmv-perf-035,2137,11,LOWER,N,UNIT,1,16.578,107.648
ctbmv-perf-036,2215,11,UPPER,T,NON_UNIT,1,16.332,109.672
ctbmv-perf-037,2297,11,LOWER,C,UNIT,1,16.104,108.888
ctbmv-perf-038,2381,11,UPPER,N,NON_UNIT,1,16.989,111.028
ctbmv-perf-039,2469,11,LOWER,T,UNIT,1,16.510,110.436
ctbmv-perf-040,2560,11,UPPER,C,NON_UNIT,1,16.123,113.110
ctbmv-perf-041,2654,11,LOWER,N,UNIT,1,17.465,112.696
ctbmv-perf-042,2752,11,UPPER,T,NON_UNIT,1,17.195,114.450
ctbmv-perf-043,2853,11,LOWER,C,UNIT,1,17.020,114.413
ctbmv-perf-044,2958,11,UPPER,N,NON_UNIT,1,17.673,116.563
ctbmv-perf-045,3067,11,LOWER,T,UNIT,1,17.509,116.511
ctbmv-perf-046,3180,11,UPPER,C,NON_UNIT,1,17.585,133.368
ctbmv-perf-047,3297,11,LOWER,N,UNIT,1,18.832,132.913
ctbmv-perf-048,3419,11,UPPER,T,NON_UNIT,1,18.481,134.998
ctbmv-perf-049,3544,11,LOWER,C,UNIT,1,18.335,134.502
ctbmv-perf-050,3675,11,UPPER,N,NON_UNIT,1,19.384,137.422
ctbmv-perf-051,3810,11,LOWER,T,UNIT,1,19.047,136.909
ctbmv-perf-052,3951,11,UPPER,C,NON_UNIT,1,19.050,140.096
ctbmv-perf-053,4096,12,LOWER,N,UNIT,1,21.130,140.750
ctbmv-perf-054,1024,1,LOWER,N,NON_UNIT,1,9.314,69.240
ctbmv-perf-055,1024,8,LOWER,N,NON_UNIT,1,11.983,67.888
ctbmv-perf-056,1024,32,LOWER,N,NON_UNIT,1,17.141,75.931
ctbmv-perf-057,1024,128,LOWER,N,NON_UNIT,1,20.569,140.661
ctbmv-perf-058,1024,512,LOWER,N,NON_UNIT,1,37.976,306.975
ctbmv-perf-059,4096,1,LOWER,N,NON_UNIT,1,13.988,177.737
ctbmv-perf-060,4096,8,LOWER,N,NON_UNIT,1,16.727,146.257
ctbmv-perf-061,4096,32,LOWER,N,NON_UNIT,1,21.503,140.700
ctbmv-perf-062,4096,128,LOWER,N,NON_UNIT,1,26.879,358.588
ctbmv-perf-063,4096,512,LOWER,N,NON_UNIT,1,43.781,998.177
ctbmv-perf-064,2048,16,UPPER,N,NON_UNIT,1,16.807,93.230
ctbmv-perf-065,2048,16,UPPER,N,UNIT,1,21.325,92.649
ctbmv-perf-066,2048,16,UPPER,T,NON_UNIT,1,15.893,93.202
ctbmv-perf-067,2048,16,UPPER,T,UNIT,1,15.735,92.561
ctbmv-perf-068,2048,16,UPPER,C,NON_UNIT,1,15.920,93.434
ctbmv-perf-069,2048,16,UPPER,C,UNIT,1,15.773,92.810
ctbmv-perf-070,2048,16,LOWER,N,NON_UNIT,1,16.774,93.150
ctbmv-perf-071,2048,16,LOWER,N,UNIT,1,18.134,92.556
ctbmv-perf-072,2048,16,LOWER,T,NON_UNIT,1,16.007,93.395
ctbmv-perf-073,2048,16,LOWER,T,UNIT,1,15.997,92.618
ctbmv-perf-074,2048,16,LOWER,C,NON_UNIT,1,15.931,93.245
ctbmv-perf-075,2048,16,LOWER,C,UNIT,1,15.927,92.786
ctbmv-perf-076,237,156,LOWER,C,NON_UNIT,1,16.084,129.733
ctbmv-perf-077,958,501,LOWER,C,NON_UNIT,1,46.481,304.529
ctbmv-perf-078,754,490,LOWER,T,UNIT,1,45.735,294.555
ctbmv-perf-079,1701,219,LOWER,N,UNIT,1,32.175,280.291
ctbmv-perf-080,580,262,UPPER,C,UNIT,1,29.436,186.414
ctbmv-perf-081,429,398,UPPER,T,UNIT,1,48.693,232.540
ctbmv-perf-082,1292,165,UPPER,T,NON_UNIT,1,26.502,237.910
ctbmv-perf-083,204,109,UPPER,C,NON_UNIT,1,11.387,109.817
ctbmv-perf-084,1366,206,LOWER,T,UNIT,1,27.626,273.641
ctbmv-perf-085,3023,199,UPPER,N,UNIT,1,88.180,342.313
ctbmv-perf-086,1800,196,UPPER,N,NON_UNIT,1,28.036,247.627
ctbmv-perf-087,2263,83,UPPER,C,NON_UNIT,1,24.674,222.373
ctbmv-perf-088,3869,31,LOWER,C,NON_UNIT,1,21.976,138.156
ctbmv-perf-089,235,199,LOWER,N,UNIT,1,18.439,146.813
ctbmv-perf-090,2484,27,UPPER,N,NON_UNIT,1,17.584,113.712
ctbmv-perf-091,1299,434,UPPER,N,NON_UNIT,1,39.784,384.461
ctbmv-perf-092,821,140,LOWER,T,UNIT,1,22.874,142.256
ctbmv-perf-093,1591,46,UPPER,N,NON_UNIT,1,18.141,139.000
ctbmv-perf-094,548,184,LOWER,C,NON_UNIT,1,25.113,157.177
ctbmv-perf-095,1178,464,UPPER,T,UNIT,1,67.074,353.473
ctbmv-perf-096,3554,185,UPPER,N,UNIT,1,85.527,424.013
ctbmv-perf-097,2364,197,LOWER,T,UNIT,1,31.162,329.774
ctbmv-perf-098,2015,199,UPPER,T,UNIT,1,32.089,251.312
ctbmv-perf-099,690,358,LOWER,N,UNIT,1,36.174,224.115
ctbmv-perf-100,1223,475,UPPER,C,UNIT,1,49.826,369.554
ctbmv-perf-101,3247,173,LOWER,N,NON_UNIT,1,27.388,415.864
ctbmv-perf-102,1422,113,UPPER,N,NON_UNIT,1,21.529,170.225
ctbmv-perf-103,2519,360,LOWER,T,NON_UNIT,1,46.635,580.747
ctbmv-perf-104,4064,101,LOWER,T,UNIT,1,27.022,285.581
ctbmv-perf-105,3502,160,UPPER,T,NON_UNIT,1,35.217,412.074
ctbmv-perf-106,2678,79,LOWER,N,UNIT,1,26.240,173.398
ctbmv-perf-107,2990,6,UPPER,N,NON_UNIT,1,14.631,122.032
ctbmv-perf-108,3709,156,LOWER,T,UNIT,1,30.249,354.700
ctbmv-perf-109,3797,75,LOWER,N,UNIT,1,25.710,210.362
ctbmv-perf-110,1469,40,UPPER,N,UNIT,1,28.852,107.094
ctbmv-perf-111,1722,85,UPPER,C,UNIT,1,24.276,173.010
ctbmv-perf-112,3490,506,LOWER,N,NON_UNIT,1,46.856,944.316
ctbmv-perf-113,1188,142,LOWER,C,NON_UNIT,1,26.867,200.978
ctbmv-perf-114,3370,119,UPPER,T,NON_UNIT,1,28.032,279.375
ctbmv-perf-115,1249,214,LOWER,T,NON_UNIT,1,29.429,268.945
ctbmv-perf-116,1983,490,LOWER,C,UNIT,1,48.440,536.516
ctbmv-perf-117,988,494,LOWER,N,UNIT,1,44.207,305.387
ctbmv-perf-118,3188,417,LOWER,C,UNIT,1,47.166,713.849
ctbmv-perf-119,103,43,UPPER,N,NON_UNIT,1,10.503,89.549
ctbmv-perf-120,2749,288,LOWER,N,UNIT,1,38.423,493.453
ctbmv-perf-121,3619,140,LOWER,C,UNIT,1,30.418,352.576
ctbmv-perf-122,2053,273,LOWER,N,NON_UNIT,1,35.453,332.647
ctbmv-perf-123,33,9,LOWER,T,NON_UNIT,1,4.628,52.648
ctbmv-perf-124,2669,123,UPPER,C,UNIT,1,28.724,277.918
ctbmv-perf-125,2676,160,UPPER,T,UNIT,1,33.840,284.548
ctbmv-perf-126,2754,483,UPPER,T,NON_UNIT,1,54.515,745.824
ctbmv-perf-127,4050,209,UPPER,N,UNIT,1,92.299,501.642
ctbmv-perf-128,3638,371,LOWER,C,UNIT,1,44.950,771.114
ctbmv-perf-129,3536,339,LOWER,N,NON_UNIT,1,40.562,701.682
ctbmv-perf-130,1493,455,LOWER,C,NON_UNIT,1,57.696,480.727
ctbmv-perf-131,3412,399,UPPER,C,NON_UNIT,1,71.709,752.090
ctbmv-perf-132,54,47,LOWER,C,NON_UNIT,1,7.080,86.752
ctbmv-perf-133,1126,380,LOWER,N,NON_UNIT,1,40.769,297.067
ctbmv-perf-134,2628,52,UPPER,T,UNIT,1,23.445,176.486
ctbmv-perf-135,3661,367,UPPER,T,NON_UNIT,1,65.927,770.382
ctbmv-perf-136,1243,211,UPPER,N,UNIT,1,95.168,268.882
ctbmv-perf-137,1935,449,LOWER,N,NON_UNIT,1,45.775,499.150
ctbmv-perf-138,62,16,UPPER,N,NON_UNIT,1,8.533,58.046
ctbmv-perf-139,2213,41,LOWER,C,UNIT,1,22.005,163.478
ctbmv-perf-140,603,206,UPPER,N,UNIT,1,75.126,178.652
ctbmv-perf-141,3890,242,UPPER,N,NON_UNIT,1,38.977,560.124
ctbmv-perf-142,2856,86,LOWER,C,UNIT,1,28.283,228.699
ctbmv-perf-143,3922,125,LOWER,T,NON_UNIT,1,30.985,355.233
ctbmv-perf-144,1891,191,UPPER,N,UNIT,1,89.555,249.264
ctbmv-perf-145,1902,246,LOWER,N,NON_UNIT,1,34.040,320.640
ctbmv-perf-146,3769,474,LOWER,N,UNIT,1,57.215,913.913
ctbmv-perf-147,430,117,UPPER,T,NON_UNIT,1,25.645,115.988
ctbmv-perf-148,3316,183,UPPER,T,UNIT,1,36.858,419.676
ctbmv-perf-149,2461,73,UPPER,T,NON_UNIT,1,25.558,171.818
ctbmv-perf-150,3042,134,UPPER,T,UNIT,1,31.384,287.035
ctbmv-perf-151,3348,296,LOWER,C,UNIT,1,48.639,613.290
ctbmv-perf-152,2954,7,UPPER,T,UNIT,1,15.794,119.799
ctbmv-perf-153,2496,198,LOWER,T,NON_UNIT,1,34.091,331.425
ctbmv-perf-154,749,479,LOWER,C,NON_UNIT,1,61.680,276.893
ctbmv-perf-155,3182,215,LOWER,C,NON_UNIT,1,41.338,440.796
ctbmv-perf-156,3377,434,UPPER,C,NON_UNIT,1,61.572,792.207
ctbmv-perf-157,2250,182,UPPER,T,NON_UNIT,1,34.614,328.298
ctbmv-perf-158,2628,260,LOWER,N,NON_UNIT,1,35.477,439.009
ctbmv-perf-159,3794,479,LOWER,C,NON_UNIT,1,82.529,915.748
ctbmv-perf-160,3334,333,UPPER,C,NON_UNIT,1,50.253,663.986
ctbmv-perf-161,2517,309,LOWER,N,UNIT,1,44.089,490.103
ctbmv-perf-162,2715,79,UPPER,C,UNIT,1,29.608,173.580
ctbmv-perf-163,3182,451,UPPER,N,NON_UNIT,1,54.214,766.189
ctbmv-perf-164,3299,417,UPPER,N,NON_UNIT,1,48.958,762.151
ctbmv-perf-165,2538,382,UPPER,N,NON_UNIT,1,45.859,596.323
ctbmv-perf-166,4089,402,LOWER,C,UNIT,1,54.482,841.277
ctbmv-perf-167,635,459,LOWER,C,UNIT,1,46.900,273.158
ctbmv-perf-168,24,13,LOWER,C,NON_UNIT,1,5.226,56.018
ctbmv-perf-169,2538,404,UPPER,C,NON_UNIT,1,55.221,643.787
ctbmv-perf-170,1438,99,LOWER,N,NON_UNIT,1,23.156,170.019
ctbmv-perf-171,4014,189,LOWER,C,NON_UNIT,1,39.824,431.441
ctbmv-perf-172,3427,466,LOWER,T,UNIT,1,56.508,864.981
ctbmv-perf-173,3143,364,UPPER,T,UNIT,1,52.684,638.805
ctbmv-perf-174,1752,442,LOWER,T,NON_UNIT,1,51.000,487.826
ctbmv-perf-175,1156,28,UPPER,C,NON_UNIT,1,18.715,90.601
ctbmv-perf-176,1402,317,UPPER,C,UNIT,1,45.817,345.927
ctbmv-perf-177,1381,362,UPPER,T,UNIT,1,46.101,391.150
ctbmv-perf-178,383,193,UPPER,T,NON_UNIT,1,33.181,152.318
ctbmv-perf-179,3726,61,LOWER,N,UNIT,1,27.368,210.527
ctbmv-perf-180,1362,301,UPPER,C,UNIT,1,43.102,342.654
ctbmv-perf-181,113,40,LOWER,C,NON_UNIT,1,7.504,92.023
ctbmv-perf-182,171,124,UPPER,T,NON_UNIT,1,12.969,125.474
ctbmv-perf-183,1132,377,LOWER,N,UNIT,1,45.049,301.150
ctbmv-perf-184,1893,323,UPPER,T,NON_UNIT,1,44.053,388.786
ctbmv-perf-185,1587,313,LOWER,N,UNIT,1,41.570,348.603
ctbmv-perf-186,1174,13,LOWER,T,UNIT,1,15.473,84.499
ctbmv-perf-187,210,89,LOWER,N,UNIT,1,11.610,111.274
ctbmv-perf-188,186,177,UPPER,N,UNIT,1,14.072,142.739
ctbmv-perf-189,3948,19,LOWER,T,NON_UNIT,1,22.311,136.069
ctbmv-perf-190,1509,500,LOWER,T,NON_UNIT,1,57.351,512.657
ctbmv-perf-191,3007,29,UPPER,C,UNIT,1,21.404,117.709
ctbmv-perf-192,517,115,LOWER,C,UNIT,1,17.603,116.915
ctbmv-perf-193,3681,152,LOWER,N,NON_UNIT,1,31.113,353.755
ctbmv-perf-194,1453,315,LOWER,N,NON_UNIT,1,41.514,344.920
ctbmv-perf-195,3500,76,LOWER,C,NON_UNIT,1,27.662,207.620
ctbmv-perf-196,3586,88,LOWER,N,NON_UNIT,1,27.083,279.629
ctbmv-perf-197,3454,112,LOWER,T,UNIT,1,31.714,279.570
ctbmv-perf-198,436,280,LOWER,T,NON_UNIT,1,48.018,209.811
ctbmv-perf-199,3334,91,LOWER,N,UNIT,1,30.274,276.960
